labels,name,userId
User,Omar Huffman,1
User,Mr. Jason Love,2
User,Angela Thompson,3
User,Jessica Sherman,4
User,Oscar Harmon,5
User,Jessica Wilson,6
User,Kyle Bailey,7
User,John Henderson,8
User,Tracey Irwin,9
User,Margaret Allen,10
User,Stacy Grant,11
User,Kim Brooks,12
User,Nicholas Bolton,13
User,Laurie Kirk,14
User,Angela Garcia,15
User,Wayne Smith,16
User,Dylan Robinson,17
User,Katie Brown,18
User,Misty Williams,19
User,Nicole Ramsey,20
User,William Smith,21
User,Anthony Espinoza,22
User,Julia Compton,23
User,Joseph Chambers,24
User,Jennifer Cohen,25
User,Theodore Barnett,26
User,Frank Davis,27
User,Michael Stone,28
User,Kathleen Schroeder,29
User,Aaron Castro,30
User,Andrew Willis,31
User,Angela Carr,32
User,Cynthia Owens,33
User,Courtney Salinas,34
User,Sierra Thomas,35
User,Cody Lopez,36
User,Kevin Hill,37
User,Michelle Harris,38
User,James Nunez,39
User,Cynthia Wilkerson,40
User,Rhonda Simon MD,41
User,Todd Gonzalez,42
User,Russell Price,43
User,Shelley Booth,44
User,Ashley Lloyd,45
User,Jennifer Allen,46
User,Randall Bray,47
User,Gabriel Davila,48
User,Michael Williamson,49
User,Robin Smith,50
User,Bradley Cooper,51
User,Erika Pearson,52
User,Patricia Johnson,53
User,Linda Whitaker,54
User,Daniel Martin,55
User,Dr. Angela Johnson,56
User,David Armstrong,57
User,Michael Hill,58
User,Evelyn Dixon,59
User,Joshua Robinson,60
User,Michael Arnold,61
User,John Wiggins,62
User,Seth Robertson,63
User,Stephen Rogers,64
User,Patricia Matthews,65
User,Jennifer Norton,66
User,Maria Washington,67
User,Jordan Brown,68
User,Traci Wiggins,69
User,Sarah Jimenez,70
User,Andre Stark,71
User,Michael Simmons,72
User,Angela Robertson,73
User,Christopher Hooper,74
User,Kim Williams,75
User,Valerie Jackson,76
User,Amy Fischer,77
User,Jonathan Obrien,78
User,Hannah Armstrong,79
User,Edwin Romero,80
User,Erin Jensen,81
User,Brian Smith,82
User,Jason Thornton,83
User,Daniel Lester,84
User,Emma James,85
User,Luke Myers,86
User,Cody Schmidt,87
User,Scott Freeman,88
User,Kelly Marquez,89
User,Johnny Malone,90
User,Michael Johnson,91
User,Tiffany Patterson,92
User,Laura Hernandez,93
User,Anita Matthews,94
User,Kevin Sexton,95
User,Randy Blake,96
User,Lacey Madden,97
User,Tammy Martinez,98
User,David Dominguez,99
User,April Martin,100
User,Cynthia Garcia,101
User,Crystal Lane,102
User,Kendra Hoover,103
User,Sabrina Ware,104
User,Clinton Spencer,105
User,Kelli Carney,106
User,Lisa James,107
User,Theodore Landry,108
User,Paula Andersen,109
User,Steven Wong,110
User,Steven Rich,111
User,Jon Small,112
User,Veronica Hall,113
User,Roy Sweeney,114
User,Amanda Palmer,115
User,Miss Alexandria Johnson DDS,116
User,Robin Pierce,117
User,George James,118
User,Billy Johnson,119
User,Kevin Lee,120
User,Erika Sanchez,121
User,Ryan Smith,122
User,Elizabeth Gonzalez,123
User,Taylor Moreno,124
User,Thomas Avila,125
User,Victoria Schmitt,126
User,Jason Pierce,127
User,Jessica Leblanc,128
User,Valerie Rose,129
User,Cheryl Sanders,130
User,Tanya Singleton,131
User,Elizabeth Anderson,132
User,Sarah Martinez,133
User,Linda Mccoy,134
User,Brian Weber,135
User,Nicholas Dean,136
User,Nicholas Rodriguez,137
User,Brandi Hernandez,138
User,Samantha Phillips,139
User,Walter Riddle,140
User,Jeffrey Myers,141
User,Crystal Strong,142
User,Alyssa King,143
User,Christopher Sanders,144
User,Gary Tucker,145
User,Michael Gibbs,146
User,Troy Wright,147
User,Joshua Hunter,148
User,John Swanson,149
User,Benjamin Ward,150
User,Aaron Nelson,151
User,Kendra Harris,152
User,Hannah Garcia,153
User,John Miller,154
User,Sean Mendez,155
User,Michelle Duarte,156
User,Lisa Miller,157
User,Gabriel Graham,158
User,Jonathan Booker,159
User,Jessica Herring,160
User,Emily Smith,161
User,Christopher Thomas,162
User,Tanya Gutierrez,163
User,Ruth Patterson,164
User,Jerry Robinson,165
User,Jake Mathews,166
User,Hunter Stanley,167
User,Kristina Foster,168
User,Jason Murphy,169
User,Maria Taylor,170
User,Breanna Merritt,171
User,Ian Hurley,172
User,Joseph Robinson,173
User,Theodore Wagner,174
User,Pamela Yates,175
User,Nicholas Burke,176
User,Seth Garrison,177
User,Michelle Cooper,178
User,James Nelson,179
User,Joshua Hansen,180
User,Donna Ayala,181
User,Edwin Rodriguez,182
User,Victor Reynolds,183
User,Sean Morris,184
User,Louis Arnold,185
User,Jay Luna,186
User,Ryan Keith,187
User,Craig Smith,188
User,Taylor Young,189
User,David Cox,190
User,Veronica Taylor,191
User,Katherine Melendez,192
User,Jamie Evans,193
User,James Carter,194
User,James Smith,195
User,Amber Carson,196
User,Brandon Brown,197
User,Rachel Williams,198
User,Elizabeth Powell,199
User,David Malone,200
User,Tyler Wolf,201
User,Teresa Salazar,202
User,Shelby Joseph,203
User,Steven Jones,204
User,Amanda Allison,205
User,Kristin Rodriguez,206
User,Patrick Hutchinson,207
User,Stephen Crawford,208
User,Alison Cooper,209
User,Michael Watson,210
User,Christian Ramirez,211
User,Aaron Jackson,212
User,Diana Bentley,213
User,David Weaver DVM,214
User,Laurie Williams,215
User,Dominique Reed,216
User,Jennifer Garcia,217
User,Amy Shelton,218
User,Christopher Perry,219
User,Christina Winters,220
User,Colin Howe,221
User,Stacy Jones,222
User,Stephanie Porter,223
User,Nicole Durham,224
User,David Francis,225
User,Haley Cummings,226
User,Jason Dudley,227
User,Kimberly White,228
User,Francis Clarke,229
User,Michael Mendoza,230
User,Robert Jones,231
User,Kevin Salazar,232
User,Michael Brandt,233
User,Mark Adams,234
User,Vincent Brown,235
User,Mrs. Megan Davis,236
User,Melissa Baker,237
User,Mr. Kevin Phillips,238
User,Nicholas Moore,239
User,Briana Lara,240
User,Steven Morris,241
User,Lori Cooper,242
User,Kelsey White,243
User,Jessica Hall,244
User,David Hahn,245
User,Joseph Hartman DDS,246
User,Eileen Newton,247
User,Matthew Harris,248
User,Christina Hardy,249
User,Alexis Peck,250
User,Andrew Freeman,251
User,John Thomas,252
User,Amber Pennington,253
User,George Mcmillan,254
User,Alexis Lopez,255
User,Roy Johnson,256
User,Scott Jones,257
User,Dr. Michael Wright,258
User,Vincent Ellis,259
User,Stephanie Olson,260
User,Blake Bennett,261
User,Ashley Smith,262
User,Bill Stanley,263
User,Matthew Dudley,264
User,Martha Dixon,265
User,Cathy Koch,266
User,Sarah Cox,267
User,Lori Hernandez,268
User,Patrick Grant,269
User,Holly Miller,270
User,Charles Adams,271
User,Tyler Henderson,272
User,David Martinez,273
User,Christopher Hudson,274
User,Paula Sanders,275
User,Frances Smith,276
User,Peggy Hahn,277
User,Tina Walton,278
User,Robert Davis,279
User,Kristen Williams,280
User,Charles Banks,281
User,James Pena,282
User,William Russell,283
User,Angela Watson,284
User,Ronald Kirk,285
User,Andrew White,286
User,Donald Guerrero,287
User,Rachel Kennedy,288
User,Rebekah Rios,289
User,James Thomas,290
User,Ian Brewer,291
User,George Chung,292
User,Cassandra Rose,293
User,Julie Nunez,294
User,Madison Oconnor,295
User,Cody Chavez,296
User,Marilyn Johnson,297
User,Erica Sullivan,298
User,John Marshall,299
User,Jenna Harrell,300
User,Alexis Mendez,301
User,Laura Snow,302
User,Melissa Howard,303
User,Leslie Benson,304
User,Justin Perez,305
User,Melissa Carr,306
User,Phillip Benjamin,307
User,Samantha Clarke,308
User,Jennifer Myers,309
User,Jenna Diaz,310
User,Marissa Choi,311
User,Troy Mitchell,312
User,Deborah Hardy,313
User,Shawn Williams,314
User,Blake Cooper,315
User,Bryan Brown,316
User,Cassidy Arnold,317
User,James Patterson,318
User,Nathan Hall,319
User,David Martin,320
User,Mikayla Morgan,321
User,Richard Brown,322
User,Rebecca Dominguez,323
User,Manuel Morris,324
User,Tony Nunez,325
User,Alicia Cortez,326
User,Colleen Ford,327
User,Angela Mcintosh,328
User,Brittany Fox,329
User,Mr. Douglas Aguirre,330
User,Alicia Morris,331
User,Felicia Wolf,332
User,Tiffany Archer,333
User,Amanda Weber,334
User,Kimberly Lopez,335
User,James Finley,336
User,Lisa Atkinson,337
User,Michelle Wolf,338
User,Hannah Bishop,339
User,Timothy Carlson,340
User,Brian Townsend,341
User,Clayton Lopez,342
User,Diana Weaver,343
User,Alyssa Keller,344
User,Michelle Nelson,345
User,Ronald Jimenez,346
User,Jasmine Garcia,347
User,Steven Brown,348
User,Louis Sampson,349
User,Samuel Nguyen,350
User,Tiffany Duarte,351
User,Ricardo Flores,352
User,Melanie Mcfarland,353
User,Jeffrey Lin,354
User,Carrie Parker,355
User,Douglas Parsons,356
User,Daniel Harrington,357
User,Cody Johnson,358
User,Dennis Kirk,359
User,Ann Flores,360
User,Carolyn Velasquez,361
User,Kayla Simpson,362
User,Michael Branch,363
User,Tiffany Perez,364
User,Susan Simmons,365
User,Autumn Valenzuela,366
User,Christina Miles,367
User,Kelly Delgado,368
User,Katie Collins,369
User,Charlene Rodriguez,370
User,Catherine Young,371
User,Lindsey Green,372
User,Stephen Harris,373
User,John Torres,374
User,Derek Pena,375
User,Ashley Wilson,376
User,Elizabeth Sanchez,377
User,Mark Haas,378
User,Thomas Johnson,379
User,Thomas Swanson,380
User,Justin Garcia,381
User,Adam Williams,382
User,Carrie Clark,383
User,Heather Scott,384
User,Elizabeth Cantu,385
User,Angela Watkins,386
User,James Whitehead,387
User,Mr. John Johns,388
User,Cynthia Freeman,389
User,Travis Garcia,390
User,Katie Logan,391
User,Sara Snyder,392
User,Susan Burnett,393
User,Christopher Gutierrez,394
User,Julia Shaffer,395
User,Jared Harrison,396
User,Leslie Reeves,397
User,Heather Mccoy,398
User,Hailey Logan,399
User,Heather Morrison,400
User,Duane Smith,401
User,Kenneth Daniels,402
User,Mrs. Lisa Schultz,403
User,David Washington,404
User,Adam Martin,405
User,Jack King,406
User,Gloria Nelson,407
User,Peter Oconnor,408
User,Keith Howell,409
User,Zachary Carey,410
User,Daniel Henry DDS,411
User,Crystal Martinez,412
User,Jerry Vaughn,413
User,Heather Miller,414
User,Corey Matthews,415
User,Marisa Wallace,416
User,Catherine Gonzalez,417
User,Joseph Harris,418
User,Julie Hurley,419
User,Kimberly Edwards,420
User,Morgan Moore,421
User,Joseph Williams,422
User,Gary Turner,423
User,Taylor Huber,424
User,Gina Estrada,425
User,Michael Thomas,426
User,Jennifer Powell MD,427
User,Mrs. Deanna Garcia PhD,428
User,Taylor Byrd,429
User,Suzanne Avila,430
User,Manuel Elliott,431
User,Karen Tran,432
User,Tanya Mason,433
User,Heather Brooks,434
User,Derrick Keith,435
User,Andrea Lee,436
User,Alison Patterson,437
User,Jonathan Lopez,438
User,David Villarreal,439
User,Katelyn Morgan,440
User,Melissa Davis,441
User,Kim Sutton,442
User,Lynn Green,443
User,Sara Ortiz,444
User,Richard Schmitt,445
User,Brendan Ford Jr.,446
User,David Keller,447
User,Leah Dixon,448
User,Margaret Nelson,449
User,Richard Hughes,450
User,Daniel Armstrong,451
User,Larry Boyd,452
User,Lisa Foster,453
User,Deborah Moore,454
User,Claudia Parks,455
User,Craig Harris,456
User,Teresa Graham,457
User,Mary Floyd,458
User,Shari Bentley,459
User,Kelly Long,460
User,Thomas Foster,461
User,Elizabeth Heath,462
User,Joel Hicks,463
User,Kevin Sloan,464
User,Justin Ochoa,465
User,James Ford,466
User,Kristin Johnson,467
User,Rita Owens,468
User,Paul Mejia,469
User,Parker Beck,470
User,Martin Gibson,471
User,John Herrera,472
User,Kayla Acosta,473
User,Robert Jones,474
User,Blake Lowery,475
User,David Ellison Jr.,476
User,Robert Brown,477
User,Steven Hinton,478
User,Amber Thompson,479
User,Tiffany Phillips,480
User,Kenneth Snyder MD,481
User,Krystal Kirk,482
User,Melissa King,483
User,Alexis Steele MD,484
User,Linda Massey,485
User,Linda Brown,486
User,Jordan Wallace,487
User,Evan Lawrence,488
User,David Jordan,489
User,Cynthia Sparks,490
User,Ryan Dorsey,491
User,Sarah Allen DDS,492
User,Bryce White,493
User,Maria Allen,494
User,Brandon Drake,495
User,Nicolas Bailey,496
User,Benjamin Wall,497
User,David Hamilton,498
User,Michele Garcia,499
User,Christian Carter,500
User,Jose Miller,501
User,Mr. Steven Hernandez,502
User,Alan Jefferson,503
User,Anna Daniels,504
User,Derrick Collier,505
User,Dana Mills,506
User,James Francis,507
User,Melinda Silva,508
User,Crystal Spencer,509
User,Jason Scott,510
User,Jeanette Rodriguez MD,511
User,Barbara Lindsey,512
User,Barbara Reilly,513
User,Joseph Barrera,514
User,Angela Dominguez,515
User,Tamara Freeman,516
User,Arthur Martinez,517
User,Anthony Cook,518
User,Meredith Leonard,519
User,Cheryl Gordon,520
User,Nicole Coffey,521
User,Diana Robles,522
User,Tiffany Alexander,523
User,Joseph Shaffer,524
User,William Weber,525
User,Sarah Torres,526
User,Anna Meyer,527
User,Nicholas Martinez,528
User,Christopher Thomas,529
User,Laura Obrien,530
User,Frederick Williamson,531
User,Mark Blair,532
User,Antonio Hunter,533
User,Sandy Jones,534
User,Joseph Berry,535
User,Elizabeth Gray,536
User,George Smith,537
User,Jennifer Contreras,538
User,Kimberly Gardner,539
User,Nicole Johnson,540
User,Jennifer Lin,541
User,Dylan Rich,542
User,Melissa Aguirre,543
User,Zachary Bowers,544
User,Victor Brown,545
User,Susan Rivers,546
User,Darlene Garcia,547
User,Paul Fox,548
User,Brian Campbell,549
User,Crystal Hunt,550
User,Mathew Wilson,551
User,Patricia Cox,552
User,Carlos Yang,553
User,Noah Oneill,554
User,Renee Davis,555
User,Dylan Bowers,556
User,Denise Brown,557
User,James Harris,558
User,Jessica Meyer,559
User,Lee Shelton,560
User,Brooke Wagner MD,561
User,John Nelson,562
User,Jonathan Cooper,563
User,Robert Brooks,564
User,Veronica Benjamin,565
User,Timothy Fox,566
User,Kenneth Pitts,567
User,Brandy Fowler,568
User,Cheryl Valenzuela MD,569
User,Catherine Trujillo,570
User,Kimberly Long,571
User,Amanda Pearson,572
User,Mathew Smith,573
User,Michelle Robinson,574
User,Vincent Glass,575
User,Luis Werner,576
User,Robert Bush,577
User,Craig Bowman,578
User,Terry Holder,579
User,Jennifer Berry,580
User,Bradley Jones,581
User,Mark Ruiz,582
User,Meghan Shah,583
User,Robert Gallegos,584
User,Leslie Brady,585
User,Patrick Thomas,586
User,Sue Mason,587
User,Kelsey Jenkins,588
User,Debra Sharp,589
User,Daniel Potts,590
User,John Schneider,591
User,Melissa Matthews,592
User,David Smith,593
User,Tiffany Montoya,594
User,Andrea Wilson,595
User,Miguel Marshall,596
User,Sara Stewart,597
User,Terry Mullins,598
User,Gregory Beard,599
User,Henry Compton,600
User,Mia Coleman,601
User,Samantha Matthews DDS,602
User,Jackie Bradford,603
User,Angelica Rodriguez,604
User,Susan Campbell,605
User,Madeline Hodge,606
User,David Farmer,607
User,Felicia Green,608
User,Douglas Wright,609
User,Holly Lopez,610
User,Joshua Moore,611
User,Katherine Martin,612
User,Ashley Roberts,613
User,James Giles,614
User,Sierra Chandler,615
User,Daniel Mcbride,616
User,Adrienne Miller,617
User,Leslie Kennedy,618
User,Lynn Nichols,619
User,Daniel Michael,620
User,Dawn Wood,621
User,Kathleen Cordova,622
User,Renee Ford,623
User,Karen Avila,624
User,Michael Williams,625
User,Jeffrey Harris,626
User,Guy Davis,627
User,Krista Baird,628
User,Betty Ramos,629
User,Glenn Mitchell,630
User,Christopher Chandler,631
User,Kelly Gomez,632
User,Pamela Anthony,633
User,Tanya Johnson,634
User,Kathleen Jacobs,635
User,Beverly Mcdonald,636
User,Robert Wilson,637
User,Michael Garcia,638
User,Shelby Silva,639
User,Deborah Skinner,640
User,Kimberly Smith,641
User,Jason Delacruz,642
User,Mr. John Conrad,643
User,Jonathan Bowen,644
User,Kayla Aguirre,645
User,Joshua Elliott,646
User,Elizabeth Franklin,647
User,Matthew Levy,648
User,Elizabeth Garrison,649
User,Jeremiah Bell,650
User,Karen Frazier,651
User,Rebecca Brown,652
User,Jonathan Cobb,653
User,Jesse Bradley,654
User,Emily Willis,655
User,Amy Morton,656
User,Donna Thompson,657
User,Mrs. Lisa Bradshaw,658
User,Monica Branch,659
User,Shawn Davis,660
User,Melanie Williams,661
User,Michele Watson,662
User,Amber Lee,663
User,Donald Munoz,664
User,Brittney Stewart,665
User,Laura Garcia,666
User,Erika Walsh,667
User,Katherine Brooks,668
User,Henry Watkins,669
User,Sarah Calhoun,670
User,Michelle Taylor,671